{"cameraMode":{"drawMode":0,"name":"Shaded","section":"Shading Mode"},"sceneLighting":true,"audioPlay":false,"sceneViewState":{"m_AlwaysRefresh":false,"showFog":true,"showSkybox":true,"showFlares":true,"showImageEffects":true,"showParticleSystems":true,"showVisualEffectGraphs":true,"m_FxEnabled":true},"in2DMode":false,"pivot":{"x":0.06519846618175507,"y":0.25374075770378115,"z":-0.05270596966147423},"rotation":{"x":-0.19994324445724488,"y":0.010872510261833668,"z":-0.002213515108451247,"w":-0.9797583818435669},"size":1.4172587394714356,"orthographic":false}