{"cameraMode":{"drawMode":0,"name":"Shaded","section":"Shading Mode"},"sceneLighting":true,"audioPlay":false,"sceneViewState":{"m_AlwaysRefresh":false,"showFog":true,"showSkybox":true,"showFlares":true,"showImageEffects":true,"showParticleSystems":true,"showVisualEffectGraphs":true,"m_FxEnabled":true},"in2DMode":false,"pivot":{"x":-0.057575613260269168,"y":-0.14812970161437989,"z":0.06268592923879624},"rotation":{"x":-0.28297334909439089,"y":0.3611809015274048,"z":-0.11601664870977402,"w":-0.8809293508529663},"size":0.9012200236320496,"orthographic":false}