{"cameraMode":{"drawMode":0,"name":"Shaded","section":"Shading Mode"},"sceneLighting":true,"audioPlay":false,"sceneViewState":{"m_AlwaysRefresh":false,"showFog":true,"showSkybox":true,"showFlares":true,"showImageEffects":true,"showParticleSystems":true,"showVisualEffectGraphs":true,"m_FxEnabled":true},"in2DMode":false,"pivot":{"x":209.9236602783203,"y":-10.705436706542969,"z":408.8551025390625},"rotation":{"x":-0.15538905560970307,"y":-0.060124579817056659,"z":0.009484998881816864,"w":-0.9860038161277771},"size":546.7605590820313,"orthographic":false}